№ сделки; Сумма кредита (руб); Рейтинг заёмщика (1-10 баллов); Кредитная история; Результат верификации; Голос кредитного инспектора; Голос клиентского менеджера; Сумма залога (руб)
1001;310000;9;зелёная;отрицательный;;;518000
1002;800000;5;зеленая;положительный;;;
1003;260000;6;;отрицательный;;;1474000
1004;820000;6;желтая;отрицательный;;;691000
1005;430000;5;;положительный;против;против;
1006;230000;5;желтая;положительный;;;1161000
1007;930000;5;жёлтая;положительный;против;против;
1008;60000;8;зеленая;положительный;против;против;
1009;940000;2;зелёная;отрицательный;;;
1010;390000;6;;отрицательный;;;
1011;820000;7;;положительный;против;против;503000
1012;200000;4;жёлтая;положительный;против;за;150000
1013;460000;3;жёлтая;положительный;против;за;1406000
1014;850000;2;желтая;положительный;за;против;114000
1015;140000;3;желтая;положительный;против;за;286000
1016;320000;10;желтая;положительный;;;
1017;760000;8;зеленая;положительный;за;против;
1018;270000;9;;положительный;;;
1019;110000;8;жёлтая;положительный;;;449000
1020;610000;9;;положительный;за;против;
1021;350000;7;зеленая;отрицательный;;;256000
1022;630000;4;желтая;положительный;;;1340000
1023;820000;10;;положительный;за;против;1482000
1024;760000;4;желтая;положительный;против;против;707000
1025;460000;10;;положительный;за;за;
1026;300000;7;жёлтая;положительный;;;
1027;440000;1;зеленая;положительный;за;против;
1028;950000;6;зеленая;положительный;;;
1029;670000;5;желтая;положительный;против;против;
1030;300000;5;зелёная;положительный;за;против;
1031;470000;9;;положительный;;;326000
1032;500000;10;;положительный;за;за;1427000
1033;130000;5;;положительный;;;782000
1034;170000;2;желтая;положительный;;;
1035;830000;2;жёлтая;положительный;за;за;1499000
1036;660000;7;жёлтая;положительный;против;против;
1037;170000;2;;положительный;;;738000
1038;740000;7;зеленая;положительный;за;за;
1039;200000;9;красная;положительный;;;633000
1040;290000;9;жёлтая;положительный;;;1405000
1041;810000;7;;положительный;за;за;
1042;590000;10;зеленая;положительный;;;1204000
1043;180000;7;жёлтая;отрицательный;;;
1044;900000;6;;положительный;;;1241000
1045;750000;8;жёлтая;отрицательный;;;
1046;690000;7;зеленая;положительный;;;
1047;360000;8;;положительный;;;1197000
1048;560000;1;;положительный;;;1113000
1049;570000;8;зелёная;положительный;против;против;866000
1050;750000;5;;положительный;против;за;854000
1051;850000;5;зеленая;положительный;;;
1052;850000;6;жёлтая;положительный;против;против;
1053;680000;9;;положительный;против;за;
1054;130000;10;жёлтая;положительный;за;против;
1055;320000;9;желтая;отрицательный;;;
1056;190000;8;жёлтая;отрицательный;;;1010000
1057;350000;8;жёлтая;положительный;против;против;917000
1058;790000;10;;положительный;против;против;1282000
1059;390000;9;;положительный;;;
1060;100000;7;;положительный;против;против;
1061;460000;6;желтая;положительный;;;1428000
1062;890000;10;зеленая;отрицательный;;;
1063;720000;2;желтая;положительный;против;за;
1064;550000;6;;положительный;;;985000
1065;350000;7;жёлтая;положительный;;;344000
1066;840000;1;красная;отрицательный;;;518000
1067;110000;8;красная;положительный;за;за;534000
1068;650000;7;зелёная;положительный;за;против;
1069;450000;8;зеленая;отрицательный;;;548000
1070;100000;7;жёлтая;положительный;за;за;
1071;660000;5;;положительный;против;за;1006000
1072;660000;3;жёлтая;отрицательный;;;498000
1073;220000;4;зеленая;положительный;против;за;
1074;720000;6;зеленая;положительный;;;245000
1075;750000;8;;положительный;против;за;
1076;930000;4;;положительный;за;за;
1077;820000;10;;положительный;против;против;
1078;420000;3;;положительный;за;против;663000
1079;320000;6;;положительный;против;против;281000
1080;980000;8;;положительный;против;против;
1081;810000;6;желтая;положительный;;;576000
1082;800000;3;желтая;положительный;за;против;418000
1083;200000;9;зелёная;положительный;;;1170000
1084;330000;10;;отрицательный;;;
1085;420000;1;зелёная;отрицательный;;;390000
1086;650000;10;жёлтая;отрицательный;;;
1087;690000;6;желтая;положительный;;;
1088;960000;9;красная;положительный;;;755000
1089;60000;2;зеленая;положительный;против;за;496000
1090;380000;9;зелёная;отрицательный;;;786000
1091;600000;4;зелёная;положительный;;;481000
1092;390000;4;жёлтая;отрицательный;;;
1093;120000;9;жёлтая;положительный;за;за;1208000
1094;610000;6;зелёная;отрицательный;;;510000
1095;310000;3;желтая;отрицательный;;;
1096;370000;7;зеленая;положительный;;;353000
1097;120000;6;;положительный;против;за;171000
1098;480000;7;;положительный;за;за;
1099;380000;8;;положительный;за;за;677000
1100;700000;3;;положительный;за;против;
1101;410000;6;жёлтая;положительный;;;1438000
1102;270000;6;зелёная;отрицательный;;;1058000
1103;650000;8;;отрицательный;;;681000
1104;790000;9;желтая;положительный;;;
1105;90000;8;желтая;положительный;за;за;
1106;890000;8;желтая;положительный;за;за;
1107;340000;6;желтая;отрицательный;;;185000
1108;220000;6;;положительный;за;против;48000
1109;150000;6;зелёная;положительный;за;против;
1110;870000;1;жёлтая;положительный;за;против;
1111;670000;6;жёлтая;положительный;;;
1112;90000;7;зеленая;положительный;против;за;
1113;50000;7;;положительный;за;против;
1114;640000;10;;отрицательный;;;744000
1115;500000;5;;положительный;за;против;
1116;880000;8;желтая;отрицательный;;;
1117;300000;7;желтая;положительный;;;
1118;180000;4;;положительный;против;за;312000
1119;510000;6;;положительный;;;
1120;490000;10;;положительный;;;
1121;340000;6;;отрицательный;;;720000
1122;190000;10;зелёная;положительный;;;
1123;220000;7;зеленая;отрицательный;;;
1124;400000;5;зелёная;положительный;;;604000
1125;740000;9;зеленая;положительный;за;за;
1126;380000;5;желтая;положительный;;;765000
1127;110000;9;зелёная;отрицательный;;;
1128;690000;10;зелёная;положительный;против;против;
1129;130000;6;;положительный;за;за;36000
1130;180000;10;зеленая;положительный;;;
1131;260000;5;зеленая;отрицательный;;;
1132;500000;9;зеленая;положительный;за;за;708000
1133;600000;2;;положительный;против;за;29000
1134;310000;5;;положительный;за;за;
1135;110000;8;;положительный;за;против;
1136;50000;2;зелёная;положительный;за;против;
1137;300000;10;;положительный;за;против;
1138;900000;9;зелёная;отрицательный;;;429000
1139;460000;9;;положительный;за;за;
1140;310000;2;красная;положительный;против;против;752000
1141;110000;8;;положительный;;;1375000
1142;100000;10;зелёная;положительный;против;против;
1143;320000;9;зеленая;положительный;за;за;352000
1144;740000;10;;положительный;за;против;1110000
1145;930000;9;зеленая;отрицательный;;;848000
1146;290000;10;жёлтая;положительный;;;
1147;180000;6;;положительный;против;за;
1148;360000;10;зелёная;положительный;;;1468000
1149;80000;7;зеленая;положительный;;;
1150;880000;1;зелёная;положительный;;;479000
1151;600000;5;зелёная;положительный;против;за;
1152;380000;10;;положительный;против;за;
1153;810000;5;;отрицательный;;;
1154;980000;3;;положительный;за;против;
1155;260000;10;зелёная;положительный;;;103000
1156;450000;8;зелёная;положительный;;;
1157;730000;10;;отрицательный;;;
1158;910000;10;жёлтая;положительный;;;
1159;660000;9;зелёная;положительный;против;за;244000
1160;770000;4;зелёная;положительный;за;за;1150000
1161;120000;8;желтая;отрицательный;;;1329000
1162;310000;4;желтая;отрицательный;;;
1163;920000;3;;отрицательный;;;
1164;230000;3;;отрицательный;;;
1165;560000;9;;отрицательный;;;68000
1166;380000;6;зелёная;отрицательный;;;
1167;870000;8;;положительный;за;против;
1168;570000;6;жёлтая;отрицательный;;;369000
1169;740000;6;красная;положительный;за;против;421000
1170;610000;6;зелёная;отрицательный;;;1093000
1171;830000;9;желтая;положительный;;;293000
1172;650000;10;красная;положительный;против;против;
1173;630000;8;;отрицательный;;;
1174;740000;6;жёлтая;положительный;против;против;801000
1175;520000;5;желтая;положительный;;;
1176;350000;6;жёлтая;положительный;за;против;1106000
1177;540000;6;зеленая;положительный;за;за;592000
1178;450000;6;;положительный;;;417000
1179;300000;5;;положительный;против;за;
1180;690000;10;;отрицательный;;;1410000
1181;190000;1;жёлтая;положительный;против;за;1135000
1182;580000;8;красная;положительный;;;
1183;870000;10;желтая;положительный;против;за;710000
1184;680000;9;красная;положительный;против;против;936000
1185;720000;8;зелёная;положительный;;;306000
1186;700000;7;зелёная;положительный;;;
1187;860000;6;;положительный;;;
1188;680000;8;зеленая;положительный;за;против;
1189;600000;4;зелёная;отрицательный;;;191000
1190;780000;6;зеленая;отрицательный;;;
1191;900000;4;;отрицательный;;;
1192;80000;5;зелёная;положительный;;;1442000
1193;600000;6;;положительный;за;за;
1194;540000;7;;отрицательный;;;
1195;260000;9;зеленая;положительный;;;
1196;900000;1;зелёная;положительный;;;168000
1197;870000;7;зелёная;отрицательный;;;454000
1198;670000;6;жёлтая;отрицательный;;;
1199;560000;7;жёлтая;положительный;;;
1200;830000;5;;положительный;;;
1201;60000;5;;положительный;;;1012000
1202;670000;10;красная;отрицательный;;;1345000
1203;760000;9;жёлтая;отрицательный;;;238000
1204;90000;3;;положительный;за;против;
1205;690000;7;;положительный;за;против;
1206;290000;5;желтая;положительный;за;за;1472000
1207;920000;8;;положительный;;;
1208;850000;1;;отрицательный;;;
1209;570000;6;жёлтая;положительный;;;
1210;720000;5;жёлтая;положительный;;;
1211;920000;9;жёлтая;отрицательный;;;
1212;640000;5;зеленая;положительный;;;
1213;50000;7;жёлтая;положительный;;;
1214;980000;5;жёлтая;положительный;;;
1215;970000;2;желтая;положительный;за;против;
1216;790000;6;зеленая;положительный;за;за;459000
1217;680000;6;;положительный;за;против;724000
1218;190000;8;желтая;отрицательный;;;299000
1219;900000;8;красная;отрицательный;;;
1220;810000;9;зеленая;положительный;;;
1221;200000;7;зелёная;положительный;;;1461000
1222;670000;8;зеленая;положительный;за;за;
1223;800000;8;желтая;отрицательный;;;306000
1224;210000;7;;положительный;за;за;1196000
1225;320000;8;жёлтая;положительный;;;
1226;200000;10;желтая;положительный;против;за;1248000
1227;220000;8;жёлтая;положительный;против;за;
1228;570000;2;зеленая;отрицательный;;;
1229;210000;1;зеленая;отрицательный;;;915000
1230;330000;2;зеленая;положительный;за;за;
1231;660000;7;зелёная;положительный;за;против;878000
1232;720000;9;зелёная;положительный;;;
1233;640000;7;желтая;положительный;;;631000
1234;850000;10;зелёная;положительный;;;1369000
1235;390000;2;;положительный;за;за;1444000
1236;120000;6;;положительный;за;против;325000
1237;710000;4;желтая;положительный;за;за;404000
1238;720000;9;желтая;положительный;за;за;1056000
1239;310000;7;жёлтая;отрицательный;;;808000
1240;100000;7;;положительный;против;за;
1241;600000;6;зелёная;отрицательный;;;1017000
1242;490000;5;красная;положительный;за;против;1016000
1243;180000;2;желтая;отрицательный;;;
1244;690000;9;зеленая;положительный;;;
1245;360000;10;желтая;положительный;;;
1246;720000;5;жёлтая;положительный;против;за;1143000
1247;350000;2;жёлтая;отрицательный;;;
1248;250000;7;зелёная;отрицательный;;;1294000
1249;400000;8;желтая;отрицательный;;;
1250;270000;7;желтая;положительный;;;
1251;900000;5;зелёная;положительный;;;
1252;450000;8;желтая;положительный;против;против;
1253;160000;6;желтая;положительный;за;за;
1254;280000;7;зеленая;отрицательный;;;
1255;440000;9;;отрицательный;;;
1256;900000;9;желтая;положительный;;;1050000
1257;970000;6;зеленая;положительный;;;
1258;90000;4;зеленая;положительный;против;против;
1259;980000;10;желтая;положительный;за;против;
1260;790000;2;зелёная;положительный;за;за;
1261;770000;6;;положительный;за;за;
1262;710000;10;зеленая;положительный;за;против;
1263;510000;10;жёлтая;положительный;против;против;484000
1264;870000;8;красная;отрицательный;;;730000
1265;960000;7;зеленая;положительный;;;
1266;180000;5;желтая;положительный;;;
1267;760000;1;желтая;положительный;против;за;447000
1268;620000;1;зеленая;положительный;за;против;
1269;240000;9;;положительный;против;против;
1270;820000;7;;отрицательный;;;
1271;430000;7;желтая;положительный;за;за;946000
1272;130000;9;желтая;положительный;против;против;1365000
1273;370000;5;желтая;положительный;;;
1274;230000;8;красная;положительный;за;против;375000
1275;930000;7;желтая;положительный;;;1020000
1276;410000;7;;положительный;против;против;389000
1277;590000;6;жёлтая;положительный;за;за;907000
1278;210000;4;жёлтая;отрицательный;;;544000
1279;800000;9;;отрицательный;;;
1280;170000;8;красная;положительный;за;против;767000
1281;380000;2;желтая;отрицательный;;;
1282;550000;5;желтая;положительный;;;1087000
1283;520000;6;;отрицательный;;;585000
1284;520000;10;желтая;положительный;против;за;
1285;50000;8;;отрицательный;;;1062000
1286;290000;4;жёлтая;положительный;за;за;
1287;210000;6;;отрицательный;;;306000
1288;450000;9;;положительный;за;против;
1289;160000;10;;положительный;за;против;1281000
1290;440000;5;красная;положительный;против;за;1378000
1291;700000;5;;отрицательный;;;
1292;90000;6;зелёная;отрицательный;;;77000
1293;840000;10;зеленая;положительный;против;за;163000
1294;190000;5;жёлтая;отрицательный;;;883000
1295;400000;5;;положительный;за;за;
1296;970000;6;зеленая;положительный;;;376000
1297;870000;1;;отрицательный;;;
1298;690000;7;зелёная;положительный;за;за;1015000
1299;200000;9;желтая;положительный;против;за;
1300;290000;7;;положительный;против;за;
1301;260000;10;желтая;положительный;;;1006000
1302;70000;7;;положительный;;;987000
1303;460000;10;жёлтая;положительный;;;
1304;260000;6;;положительный;за;против;
1305;520000;1;;отрицательный;;;991000
1306;970000;8;жёлтая;положительный;за;за;
1307;770000;10;жёлтая;положительный;против;за;
1308;670000;5;желтая;положительный;за;за;1058000
1309;70000;7;жёлтая;положительный;за;против;761000
1310;380000;9;желтая;отрицательный;;;
1311;530000;10;;положительный;против;за;906000
1312;90000;9;;положительный;за;за;
1313;880000;7;зелёная;положительный;;;1494000
1314;150000;6;;положительный;за;за;
1315;430000;7;зелёная;положительный;;;1044000
1316;510000;9;зелёная;отрицательный;;;1033000
1317;790000;6;;отрицательный;;;724000
1318;850000;8;;положительный;против;против;
1319;800000;5;;положительный;за;против;
1320;110000;7;;положительный;;;44000
1321;840000;9;зеленая;положительный;;;
1322;60000;8;жёлтая;положительный;за;за;
1323;950000;10;;положительный;против;против;
1324;70000;9;;положительный;за;за;862000
1325;300000;4;желтая;положительный;;;
1326;800000;6;;отрицательный;;;
1327;390000;8;зелёная;положительный;;;
1328;360000;9;;положительный;против;за;866000
1329;950000;4;желтая;отрицательный;;;
1330;690000;7;зелёная;положительный;за;за;
1331;600000;9;зеленая;положительный;;;
1332;300000;5;желтая;положительный;против;за;1226000
1333;520000;10;зеленая;положительный;;;1115000
1334;850000;2;жёлтая;отрицательный;;;
1335;570000;4;жёлтая;положительный;против;за;1156000
1336;580000;7;;отрицательный;;;673000
1337;190000;5;;положительный;за;за;888000
1338;610000;1;;положительный;;;
1339;910000;10;;положительный;против;против;1003000
1340;80000;5;;положительный;против;за;241000
1341;920000;9;;положительный;;;1178000
1342;290000;7;;положительный;за;против;
1343;730000;9;зелёная;положительный;;;
1344;630000;5;;положительный;за;за;426000
1345;780000;10;;положительный;;;1357000
1346;690000;2;;положительный;;;975000
1347;520000;7;желтая;положительный;против;за;
1348;730000;6;желтая;отрицательный;;;569000
1349;900000;9;зелёная;положительный;за;против;792000
1350;860000;2;;положительный;против;за;
1351;800000;7;желтая;положительный;;;
1352;380000;7;;положительный;за;против;1389000
1353;350000;7;зеленая;положительный;;;908000
1354;870000;5;зелёная;положительный;за;за;
1355;930000;5;зелёная;отрицательный;;;803000
1356;410000;4;;отрицательный;;;
1357;100000;7;желтая;отрицательный;;;363000
1358;350000;6;зеленая;положительный;за;за;
1359;880000;7;желтая;положительный;против;за;
1360;830000;5;;положительный;;;
1361;990000;6;желтая;положительный;за;против;
1362;770000;8;желтая;положительный;;;1333000
1363;390000;10;зелёная;отрицательный;;;
1364;910000;10;красная;отрицательный;;;
1365;890000;10;зеленая;положительный;за;за;249000
1366;220000;5;;отрицательный;;;
1367;420000;3;зеленая;положительный;за;за;856000
1368;900000;8;;отрицательный;;;907000
1369;950000;5;желтая;положительный;;;1171000
1370;480000;10;;положительный;против;за;1113000
1371;660000;6;зеленая;положительный;;;823000
1372;60000;9;желтая;отрицательный;;;
1373;350000;8;желтая;положительный;за;против;630000
1374;630000;5;;положительный;за;за;
1375;340000;6;зеленая;положительный;за;против;822000
1376;530000;9;желтая;отрицательный;;;659000
1377;910000;1;зеленая;положительный;за;против;720000
1378;900000;7;красная;положительный;;;
1379;730000;8;красная;положительный;против;за;1036000
1380;640000;8;;положительный;против;против;420000
1381;780000;7;;положительный;против;за;
1382;900000;1;;положительный;против;за;
1383;430000;7;;положительный;против;против;
1384;210000;10;жёлтая;положительный;за;против;1003000
1385;350000;1;;положительный;против;против;569000
1386;620000;5;зеленая;отрицательный;;;1472000
1387;360000;9;жёлтая;положительный;;;
1388;480000;7;желтая;положительный;;;1191000
1389;310000;1;желтая;положительный;против;за;603000
1390;790000;5;желтая;положительный;за;против;294000
1391;660000;7;;положительный;за;за;
1392;220000;9;жёлтая;положительный;против;за;45000
1393;650000;8;жёлтая;положительный;;;
1394;760000;8;зеленая;положительный;за;против;
1395;400000;1;красная;положительный;за;против;724000
1396;310000;8;;отрицательный;;;943000
1397;190000;5;;отрицательный;;;1401000
1398;180000;6;;положительный;;;1175000
1399;230000;10;жёлтая;положительный;;;687000
1400;120000;3;;положительный;за;за;
1401;200000;9;зелёная;положительный;;;
1402;660000;7;;отрицательный;;;659000
1403;480000;7;зелёная;положительный;;;810000
1404;890000;9;зеленая;отрицательный;;;1275000
1405;80000;3;;положительный;против;против;
1406;420000;8;зелёная;положительный;за;против;
1407;480000;8;зеленая;положительный;;;
1408;750000;5;зеленая;положительный;против;за;497000
1409;970000;6;жёлтая;положительный;за;за;
1410;920000;6;;положительный;за;за;
1411;200000;9;;положительный;;;
1412;630000;8;;отрицательный;;;
1413;220000;8;зелёная;положительный;;;292000
1414;60000;4;жёлтая;положительный;против;против;
1415;790000;3;жёлтая;положительный;за;против;860000
1416;290000;7;красная;положительный;против;за;255000
1417;670000;6;зеленая;отрицательный;;;572000
1418;370000;9;;положительный;за;за;
1419;160000;6;желтая;положительный;;;214000
1420;260000;5;желтая;положительный;против;против;
1421;880000;6;желтая;положительный;;;1081000
1422;450000;7;;положительный;за;за;263000
1423;180000;10;жёлтая;положительный;против;за;27000
1424;710000;6;;отрицательный;;;
1425;670000;9;;положительный;против;против;
1426;520000;6;желтая;положительный;;;
1427;950000;6;зеленая;отрицательный;;;338000
1428;600000;2;желтая;положительный;;;38000
1429;340000;5;желтая;положительный;;;
1430;270000;9;жёлтая;отрицательный;;;
1431;220000;8;;положительный;против;за;
1432;750000;5;жёлтая;отрицательный;;;608000
1433;350000;8;желтая;положительный;;;1471000
1434;300000;3;красная;положительный;против;за;
1435;270000;4;;положительный;против;за;1133000
1436;510000;3;жёлтая;отрицательный;;;
1437;540000;6;зеленая;отрицательный;;;97000
1438;760000;5;зелёная;отрицательный;;;84000
1439;850000;5;зелёная;положительный;против;против;
1440;930000;8;;положительный;против;за;
1441;770000;9;зелёная;положительный;против;за;
1442;370000;8;зеленая;положительный;;;
1443;250000;7;зелёная;положительный;против;за;373000
1444;380000;6;зеленая;положительный;;;
1445;190000;9;зелёная;отрицательный;;;
1446;920000;3;желтая;положительный;за;за;407000
1447;930000;2;жёлтая;положительный;;;
1448;310000;4;красная;положительный;против;против;
1449;380000;6;жёлтая;отрицательный;;;
1450;710000;10;жёлтая;положительный;;;1372000
1451;730000;6;красная;положительный;за;против;
1452;560000;7;;отрицательный;;;594000
1453;910000;10;желтая;отрицательный;;;1289000
1454;490000;6;жёлтая;положительный;за;против;
1455;600000;10;;положительный;против;против;102000
1456;50000;10;зелёная;положительный;против;за;1487000
1457;340000;10;красная;положительный;против;против;
1458;970000;9;зеленая;положительный;за;за;1024000
1459;230000;5;зеленая;отрицательный;;;1318000
1460;100000;9;;положительный;;;
1461;170000;6;желтая;положительный;за;за;
1462;310000;8;желтая;положительный;за;против;
1463;390000;6;желтая;положительный;против;за;
1464;870000;3;желтая;положительный;;;
1465;690000;3;жёлтая;положительный;за;за;
1466;430000;1;желтая;положительный;против;за;905000
1467;650000;10;желтая;положительный;;;
1468;410000;6;желтая;положительный;против;за;
1469;780000;10;;отрицательный;;;
1470;510000;6;зеленая;положительный;против;за;
1471;430000;10;красная;положительный;за;за;987000
1472;190000;1;;положительный;против;за;
1473;80000;5;зеленая;положительный;за;за;1258000
1474;950000;1;;положительный;за;против;
1475;830000;7;;положительный;против;против;1254000
1476;340000;7;зелёная;положительный;за;против;488000
1477;80000;7;желтая;положительный;за;против;1490000
1478;60000;9;;положительный;против;за;
1479;430000;5;зелёная;отрицательный;;;1025000
1480;980000;6;жёлтая;положительный;против;против;711000
1481;880000;6;;положительный;;;611000
1482;620000;9;;положительный;за;за;
1483;710000;8;;положительный;;;
1484;870000;1;зеленая;положительный;;;942000
1485;550000;2;жёлтая;отрицательный;;;
1486;70000;10;;положительный;;;
1487;190000;9;зелёная;положительный;;;1211000
1488;530000;4;зеленая;положительный;против;за;
1489;690000;7;зелёная;положительный;против;за;
1490;870000;3;зелёная;положительный;за;против;
1491;250000;6;;положительный;;;561000
1492;90000;5;;положительный;;;1010000
1493;960000;7;жёлтая;положительный;;;622000
1494;340000;10;желтая;положительный;против;против;446000
1495;940000;9;жёлтая;отрицательный;;;
1496;680000;7;красная;положительный;за;за;1074000
1497;880000;6;красная;отрицательный;;;
1498;400000;7;;положительный;;;
1499;190000;8;зеленая;положительный;против;против;1292000
1500;150000;5;;положительный;за;против;128000
1501;730000;6;красная;положительный;;;490000
1502;90000;9;жёлтая;положительный;;;
1503;770000;5;;положительный;;;134000
1504;610000;6;жёлтая;положительный;против;за;
1505;220000;1;;положительный;против;за;
1506;350000;9;зелёная;положительный;против;против;571000
1507;490000;10;зеленая;положительный;;;
1508;430000;2;зеленая;отрицательный;;;
1509;760000;5;;положительный;против;за;526000
1510;140000;10;желтая;отрицательный;;;157000
1511;380000;8;зеленая;отрицательный;;;
1512;860000;7;;отрицательный;;;1299000
1513;870000;7;желтая;отрицательный;;;594000
1514;190000;10;;отрицательный;;;
1515;290000;8;зеленая;положительный;против;против;
1516;160000;10;зеленая;отрицательный;;;1414000
1517;150000;6;жёлтая;отрицательный;;;487000
1518;660000;5;жёлтая;положительный;против;за;
1519;290000;4;;положительный;за;против;904000
1520;450000;9;зелёная;положительный;;;1039000
1521;900000;9;зелёная;отрицательный;;;
1522;80000;6;;положительный;за;за;1161000
1523;460000;4;;отрицательный;;;
1524;420000;10;;положительный;за;за;
1525;300000;4;;положительный;за;за;
1526;90000;7;;положительный;против;за;
1527;990000;7;;положительный;за;за;1354000
1528;910000;8;желтая;положительный;за;против;748000
1529;110000;8;жёлтая;положительный;;;
1530;820000;6;;положительный;за;против;1221000
1531;50000;10;;отрицательный;;;885000
1532;390000;10;;положительный;за;за;
1533;330000;8;красная;положительный;против;против;
1534;370000;9;зелёная;отрицательный;;;
1535;900000;5;желтая;положительный;против;за;
1536;930000;4;зеленая;положительный;против;против;
1537;820000;8;желтая;отрицательный;;;548000
1538;160000;10;зеленая;положительный;за;против;1011000
1539;460000;9;;отрицательный;;;
1540;850000;7;жёлтая;положительный;;;185000
1541;930000;5;зеленая;положительный;;;519000
1542;830000;6;красная;положительный;за;за;
1543;880000;5;зеленая;положительный;;;273000
1544;200000;10;зеленая;положительный;за;против;
1545;390000;5;желтая;положительный;против;за;
1546;100000;6;зеленая;положительный;;;
1547;370000;10;жёлтая;положительный;за;против;
1548;640000;6;жёлтая;положительный;за;за;
1549;890000;6;;положительный;против;против;269000
1550;900000;4;зелёная;положительный;против;за;
1551;120000;5;;отрицательный;;;343000
1552;600000;10;жёлтая;отрицательный;;;
1553;450000;5;;положительный;против;за;529000
1554;420000;10;зелёная;отрицательный;;;1368000
1555;800000;8;;положительный;за;за;1442000
1556;640000;10;жёлтая;положительный;против;против;
1557;550000;9;;положительный;;;264000
1558;870000;9;желтая;отрицательный;;;135000
1559;830000;6;зеленая;положительный;;;251000
1560;560000;7;зелёная;положительный;за;против;392000
1561;640000;9;;отрицательный;;;421000
1562;170000;9;красная;положительный;против;за;159000
1563;980000;8;зелёная;положительный;за;против;
1564;150000;7;;отрицательный;;;1061000
1565;480000;6;жёлтая;положительный;против;за;
1566;610000;9;жёлтая;положительный;;;
1567;310000;2;жёлтая;положительный;;;746000
1568;50000;8;зеленая;положительный;;;345000
1569;140000;5;красная;положительный;;;250000
1570;350000;5;жёлтая;положительный;;;
1571;370000;6;жёлтая;положительный;против;против;1168000
1572;980000;10;желтая;положительный;;;
1573;280000;10;;положительный;;;1299000
1574;980000;4;жёлтая;положительный;;;
1575;740000;2;зеленая;положительный;;;
1576;670000;8;зеленая;положительный;;;763000
1577;50000;7;;положительный;против;за;
1578;230000;9;жёлтая;положительный;;;545000
1579;500000;4;зелёная;положительный;за;за;1357000
1580;850000;8;жёлтая;положительный;за;против;294000
1581;280000;5;желтая;положительный;;;607000
1582;180000;7;зеленая;положительный;;;
1583;270000;10;жёлтая;положительный;;;
1584;370000;5;;положительный;против;за;866000
1585;690000;9;;отрицательный;;;1458000
1586;280000;8;;положительный;;;
1587;800000;6;зеленая;положительный;;;
1588;430000;10;зелёная;положительный;против;против;1252000
1589;750000;8;желтая;положительный;;;
1590;990000;10;зеленая;отрицательный;;;448000
1591;960000;8;;положительный;за;против;
1592;740000;10;жёлтая;положительный;;;1118000
1593;890000;8;зелёная;отрицательный;;;625000
1594;370000;6;зеленая;положительный;за;против;1458000
1595;190000;7;;положительный;против;за;
1596;830000;9;желтая;положительный;против;против;752000
1597;500000;9;зеленая;отрицательный;;;
1598;780000;4;жёлтая;положительный;против;против;
1599;670000;2;жёлтая;положительный;за;за;
1600;630000;8;желтая;положительный;;;1097000
1601;700000;7;;положительный;за;за;
1602;970000;10;зеленая;отрицательный;;;
1603;350000;10;жёлтая;положительный;;;
1604;190000;10;жёлтая;положительный;;;
1605;70000;3;жёлтая;положительный;;;
1606;340000;10;;положительный;против;за;1134000
1607;250000;7;;положительный;против;за;
1608;960000;9;красная;положительный;против;против;
1609;520000;7;зелёная;положительный;за;против;
1610;800000;9;желтая;положительный;против;против;
1611;70000;8;;положительный;;;
1612;820000;8;жёлтая;положительный;против;против;
1613;310000;10;желтая;положительный;;;
1614;470000;7;;положительный;против;против;756000
1615;50000;10;зелёная;положительный;за;против;
1616;50000;6;зелёная;положительный;за;против;
1617;620000;7;;положительный;за;за;125000
1618;890000;8;;положительный;;;
1619;120000;10;;положительный;за;против;
1620;480000;9;зеленая;отрицательный;;;
1621;920000;8;красная;отрицательный;;;508000
1622;220000;6;зелёная;положительный;против;за;
1623;360000;3;зелёная;отрицательный;;;53000
1624;820000;7;жёлтая;положительный;против;против;823000
1625;910000;9;;положительный;за;за;1097000
1626;180000;2;;положительный;за;за;677000
1627;990000;6;;положительный;за;против;509000
1628;200000;5;зеленая;отрицательный;;;
1629;720000;9;;положительный;за;против;
1630;960000;8;жёлтая;положительный;;;
1631;510000;2;зеленая;положительный;против;против;839000
1632;190000;6;жёлтая;положительный;за;против;1141000
1633;970000;8;;положительный;;;43000
1634;250000;7;зелёная;положительный;;;
1635;720000;9;;положительный;;;471000
1636;460000;9;жёлтая;положительный;;;
1637;590000;8;желтая;положительный;против;против;392000
1638;880000;8;зеленая;положительный;против;за;
1639;550000;10;желтая;положительный;против;за;
1640;960000;4;зелёная;положительный;;;706000
1641;220000;6;желтая;отрицательный;;;
1642;460000;9;;отрицательный;;;1086000
1643;600000;8;;положительный;против;против;20000
1644;630000;8;;положительный;за;за;1054000
1645;430000;10;зелёная;положительный;против;против;
1646;440000;4;;отрицательный;;;1498000
1647;770000;7;желтая;положительный;против;за;
1648;930000;7;зелёная;отрицательный;;;
1649;890000;8;зеленая;положительный;;;268000
1650;780000;5;зеленая;отрицательный;;;
1651;810000;8;желтая;положительный;;;562000
1652;690000;7;;отрицательный;;;
1653;170000;10;жёлтая;положительный;против;против;131000
1654;490000;7;красная;положительный;против;против;
1655;280000;4;;положительный;против;против;108000
1656;470000;7;жёлтая;отрицательный;;;647000
1657;720000;1;зелёная;положительный;против;за;
1658;260000;1;желтая;положительный;за;против;
1659;960000;8;жёлтая;положительный;против;за;973000
1660;220000;10;желтая;отрицательный;;;845000
1661;410000;5;зеленая;отрицательный;;;
1662;550000;7;желтая;положительный;;;
1663;870000;6;зеленая;положительный;;;
1664;160000;3;зелёная;положительный;;;
1665;410000;9;жёлтая;положительный;;;
1666;440000;5;зеленая;положительный;за;за;191000
1667;970000;9;красная;положительный;за;против;
1668;200000;9;;положительный;за;за;102000
1669;990000;10;красная;положительный;за;против;333000
1670;970000;2;;положительный;против;против;449000
1671;310000;6;;положительный;;;
1672;320000;7;зеленая;отрицательный;;;
1673;850000;10;желтая;положительный;;;655000
1674;50000;5;;положительный;за;за;
1675;730000;9;жёлтая;отрицательный;;;354000
1676;460000;7;;отрицательный;;;
1677;760000;2;;отрицательный;;;1135000
1678;770000;9;;положительный;против;против;
1679;700000;5;жёлтая;отрицательный;;;430000
1680;140000;8;желтая;положительный;;;
1681;300000;9;зеленая;отрицательный;;;222000
1682;300000;10;жёлтая;положительный;за;против;
1683;170000;7;;отрицательный;;;724000
1684;440000;10;;положительный;против;против;
1685;250000;6;;отрицательный;;;
1686;730000;9;;положительный;за;за;
1687;950000;7;желтая;отрицательный;;;
1688;920000;10;;положительный;;;47000
1689;580000;8;зелёная;положительный;против;за;800000
1690;480000;7;зеленая;положительный;против;против;
1691;970000;3;зеленая;положительный;;;1279000
1692;560000;1;;положительный;за;против;
1693;540000;4;;положительный;против;за;
1694;490000;10;зелёная;положительный;за;за;
1695;410000;2;жёлтая;положительный;против;за;
1696;560000;7;желтая;положительный;против;за;
1697;750000;5;жёлтая;положительный;;;
1698;390000;8;;положительный;против;против;189000
1699;600000;8;жёлтая;отрицательный;;;626000
1700;900000;8;зеленая;положительный;против;против;
1701;950000;6;красная;положительный;за;против;
1702;800000;8;зелёная;положительный;за;за;442000
1703;830000;6;;отрицательный;;;
1704;150000;8;зеленая;положительный;;;
1705;940000;10;жёлтая;отрицательный;;;
1706;370000;8;;положительный;;;850000
1707;420000;5;желтая;отрицательный;;;
1708;480000;7;зеленая;положительный;за;против;
1709;480000;9;;положительный;против;за;
1710;690000;9;желтая;положительный;против;за;
1711;970000;10;;положительный;за;против;123000
1712;230000;3;красная;положительный;против;за;
1713;730000;7;;положительный;;;1043000
1714;630000;9;жёлтая;отрицательный;;;
1715;340000;9;;отрицательный;;;832000
1716;190000;9;желтая;отрицательный;;;949000
1717;330000;4;;положительный;против;против;131000
1718;160000;9;;положительный;за;против;
1719;480000;9;;положительный;за;против;410000
1720;390000;7;зеленая;положительный;против;за;
1721;680000;9;зеленая;отрицательный;;;
1722;140000;10;зеленая;положительный;;;105000
1723;740000;9;;положительный;;;
1724;340000;10;зелёная;отрицательный;;;407000
1725;730000;8;;положительный;за;за;
1726;870000;8;красная;отрицательный;;;
1727;120000;9;зелёная;положительный;;;
1728;280000;5;зелёная;положительный;против;против;194000
1729;600000;8;;положительный;;;1389000
1730;730000;5;зеленая;отрицательный;;;1322000
1731;940000;10;зелёная;положительный;;;912000
1732;340000;9;жёлтая;положительный;;;953000
1733;240000;6;жёлтая;положительный;;;
1734;330000;7;зелёная;положительный;против;против;866000
1735;180000;9;зелёная;отрицательный;;;700000
1736;310000;9;зеленая;положительный;;;889000
1737;540000;6;;положительный;за;за;1216000
1738;270000;3;желтая;положительный;;;335000
1739;980000;8;жёлтая;отрицательный;;;
1740;910000;5;;положительный;;;
1741;50000;5;;отрицательный;;;
1742;960000;4;;положительный;;;
1743;760000;9;;положительный;против;против;154000
1744;360000;6;жёлтая;положительный;за;за;
1745;370000;5;зелёная;положительный;;;1154000
1746;310000;6;;положительный;против;против;
1747;170000;6;желтая;положительный;за;против;
1748;890000;10;зеленая;отрицательный;;;1334000
1749;440000;10;красная;положительный;за;против;45000
1750;340000;3;зелёная;отрицательный;;;153000
1751;820000;10;;отрицательный;;;
1752;80000;5;жёлтая;отрицательный;;;
1753;550000;3;зеленая;отрицательный;;;532000
1754;910000;7;;положительный;против;против;
1755;400000;7;зелёная;отрицательный;;;1189000
1756;280000;9;;отрицательный;;;653000
1757;680000;6;красная;положительный;за;за;1413000
1758;570000;9;красная;отрицательный;;;
1759;240000;10;;положительный;;;
1760;940000;10;;положительный;против;против;523000
1761;780000;5;желтая;отрицательный;;;394000
1762;300000;4;жёлтая;отрицательный;;;383000
1763;240000;5;красная;положительный;против;против;68000
1764;730000;3;желтая;отрицательный;;;
1765;200000;5;;положительный;против;за;
1766;380000;3;зелёная;положительный;против;против;
1767;530000;10;жёлтая;положительный;;;
1768;340000;7;;положительный;за;против;142000
1769;320000;6;;положительный;за;против;580000
1770;650000;7;красная;положительный;;;
1771;780000;5;зеленая;отрицательный;;;52000
1772;320000;8;зеленая;положительный;;;1385000
1773;740000;10;жёлтая;положительный;против;против;
1774;750000;8;;положительный;;;
1775;990000;7;жёлтая;положительный;за;за;
1776;910000;10;желтая;положительный;;;1455000
1777;660000;7;;положительный;за;против;525000
1778;370000;7;жёлтая;положительный;против;за;1077000
1779;970000;7;;положительный;за;за;336000
1780;220000;8;;отрицательный;;;459000
1781;410000;10;;положительный;против;за;
1782;900000;7;зелёная;положительный;;;
1783;290000;4;зеленая;положительный;против;против;825000
1784;330000;6;зеленая;положительный;за;за;
1785;260000;8;желтая;отрицательный;;;1153000
1786;470000;10;зелёная;положительный;;;
1787;550000;10;;положительный;против;против;
1788;50000;7;;положительный;против;против;1416000
1789;350000;10;красная;положительный;против;за;333000
1790;790000;7;зелёная;положительный;;;
1791;260000;9;зеленая;положительный;за;против;
1792;690000;6;жёлтая;отрицательный;;;
1793;240000;5;;отрицательный;;;
1794;850000;5;;положительный;за;против;725000
1795;340000;6;зелёная;положительный;;;282000
1796;370000;9;зеленая;отрицательный;;;
1797;470000;6;зеленая;положительный;против;за;827000
1798;50000;10;;отрицательный;;;
1799;640000;6;;отрицательный;;;576000
1800;380000;4;;положительный;против;против;1382000
1801;880000;10;;положительный;за;против;
1802;50000;3;жёлтая;положительный;за;за;
1803;470000;10;;положительный;против;против;
1804;320000;5;желтая;положительный;против;против;446000
1805;700000;9;красная;положительный;;;37000
1806;170000;3;;положительный;;;
1807;390000;8;зеленая;положительный;против;против;
1808;270000;9;красная;положительный;;;1434000
1809;820000;9;желтая;отрицательный;;;
1810;340000;6;зеленая;положительный;за;против;539000
1811;650000;5;;положительный;против;за;136000
1812;150000;7;красная;положительный;против;против;
1813;290000;10;жёлтая;положительный;против;против;1213000
1814;730000;9;красная;отрицательный;;;
1815;790000;1;желтая;положительный;против;против;444000
1816;590000;9;желтая;положительный;против;за;1092000
1817;700000;9;;положительный;за;против;
1818;960000;9;зеленая;отрицательный;;;
1819;950000;7;;положительный;за;за;1363000
1820;790000;10;зеленая;отрицательный;;;
1821;480000;5;зеленая;положительный;за;за;1122000
1822;170000;6;красная;отрицательный;;;497000
1823;520000;6;зелёная;положительный;;;743000
1824;390000;8;;положительный;за;против;336000
1825;820000;8;желтая;положительный;;;1294000
1826;420000;7;;отрицательный;;;1119000
1827;620000;9;зеленая;отрицательный;;;
1828;520000;4;;положительный;против;против;987000
1829;680000;5;желтая;положительный;за;за;
1830;250000;7;жёлтая;положительный;;;
1831;990000;5;;положительный;за;за;
1832;650000;8;;положительный;против;против;270000
1833;750000;8;зеленая;положительный;;;
1834;930000;9;зелёная;положительный;;;640000
1835;110000;5;зеленая;положительный;за;за;1352000
1836;860000;7;;положительный;против;против;
1837;470000;7;жёлтая;положительный;;;854000
1838;930000;6;зелёная;положительный;против;за;
1839;650000;3;зелёная;отрицательный;;;
1840;590000;2;;отрицательный;;;
1841;700000;5;зелёная;положительный;против;против;
1842;950000;2;зелёная;отрицательный;;;1297000
1843;720000;6;;положительный;;;667000
1844;570000;10;зелёная;отрицательный;;;351000
1845;220000;9;зелёная;положительный;против;за;
1846;800000;5;зелёная;отрицательный;;;181000
1847;780000;6;;положительный;;;1350000
1848;170000;5;зеленая;положительный;за;за;
1849;660000;1;желтая;отрицательный;;;
1850;860000;5;красная;положительный;против;за;
1851;730000;8;;отрицательный;;;458000
1852;570000;5;красная;положительный;;;719000
1853;860000;2;;положительный;за;за;
1854;350000;7;зеленая;положительный;против;за;
1855;520000;6;зеленая;отрицательный;;;913000
1856;150000;7;зеленая;положительный;;;
1857;470000;7;;положительный;против;против;1280000
1858;750000;8;жёлтая;положительный;за;против;
1859;130000;9;желтая;положительный;за;против;
1860;810000;6;жёлтая;положительный;;;
1861;920000;10;красная;положительный;против;за;
1862;470000;10;зеленая;положительный;;;766000
1863;810000;2;;положительный;против;за;1043000
1864;150000;5;;положительный;против;против;
1865;780000;8;зеленая;отрицательный;;;
1866;60000;5;;отрицательный;;;518000
1867;510000;8;жёлтая;отрицательный;;;1268000
1868;910000;2;;положительный;за;против;
1869;430000;7;зеленая;положительный;;;679000
1870;730000;4;желтая;отрицательный;;;
1871;290000;8;жёлтая;положительный;;;
1872;210000;7;зеленая;положительный;за;против;1328000
1873;200000;9;;положительный;за;против;361000
1874;250000;2;;положительный;;;1247000
1875;360000;9;;положительный;;;
1876;350000;10;желтая;отрицательный;;;735000
1877;710000;8;зеленая;положительный;;;720000
1878;940000;7;;положительный;за;за;
1879;800000;5;зеленая;положительный;;;1218000
1880;240000;1;зеленая;положительный;за;за;1495000
1881;80000;4;желтая;положительный;;;556000
1882;480000;7;красная;отрицательный;;;
1883;500000;6;;положительный;за;против;1258000
1884;840000;9;;положительный;за;за;
1885;310000;7;жёлтая;положительный;;;
1886;760000;3;;отрицательный;;;
1887;570000;10;зеленая;положительный;против;за;551000
1888;210000;5;;положительный;против;против;
1889;850000;7;;отрицательный;;;105000
1890;680000;8;;положительный;против;против;1005000
1891;930000;9;;положительный;за;против;1402000
1892;400000;5;;положительный;;;
1893;610000;10;;положительный;против;против;749000
1894;230000;1;зелёная;положительный;против;за;
1895;350000;7;;положительный;;;
1896;910000;5;;положительный;против;за;1016000
1897;860000;3;зеленая;отрицательный;;;1116000
1898;450000;6;;положительный;;;
1899;910000;6;желтая;положительный;за;против;
1900;830000;6;зеленая;положительный;;;
1901;890000;7;;отрицательный;;;550000
1902;200000;7;;положительный;;;702000
1903;220000;7;красная;положительный;за;за;641000
1904;660000;9;зеленая;положительный;;;298000
1905;80000;5;зелёная;отрицательный;;;
1906;620000;2;;положительный;против;против;1432000
1907;170000;10;жёлтая;положительный;против;против;
1908;420000;6;желтая;отрицательный;;;
1909;580000;8;красная;отрицательный;;;
1910;320000;9;;положительный;против;против;874000
1911;250000;8;зелёная;положительный;против;за;1359000
1912;550000;5;желтая;положительный;против;против;
1913;300000;9;;положительный;за;за;
1914;550000;5;зеленая;положительный;за;против;
1915;390000;9;зелёная;положительный;;;748000
1916;390000;6;зелёная;отрицательный;;;478000
1917;710000;3;;отрицательный;;;
1918;910000;8;желтая;положительный;;;
1919;580000;2;;положительный;против;против;618000
1920;140000;7;зеленая;положительный;за;против;
1921;280000;10;;положительный;;;229000
1922;350000;7;желтая;положительный;за;за;
1923;120000;7;зелёная;отрицательный;;;257000
1924;860000;8;зеленая;положительный;;;
1925;980000;1;жёлтая;отрицательный;;;553000
1926;440000;7;;отрицательный;;;1232000
1927;280000;8;желтая;положительный;за;против;1340000
1928;380000;4;желтая;отрицательный;;;315000
1929;780000;3;желтая;положительный;за;за;1348000
1930;510000;10;желтая;положительный;против;за;
1931;840000;9;жёлтая;отрицательный;;;715000
1932;360000;5;жёлтая;положительный;за;за;
1933;420000;5;желтая;положительный;;;
1934;800000;10;зеленая;положительный;против;против;943000
1935;600000;6;;положительный;за;против;
1936;150000;6;красная;положительный;;;642000
1937;860000;1;зелёная;положительный;за;за;
1938;760000;5;;положительный;против;против;1200000
1939;940000;3;красная;положительный;за;за;745000
1940;310000;8;зелёная;положительный;;;
1941;210000;10;;положительный;за;за;
1942;880000;9;;положительный;;;
1943;100000;10;желтая;положительный;;;
1944;380000;8;красная;положительный;за;за;
1945;150000;3;зелёная;отрицательный;;;1102000
1946;980000;2;;положительный;за;против;
1947;460000;9;зелёная;отрицательный;;;692000
1948;860000;8;;положительный;за;против;
1949;400000;9;желтая;положительный;;;408000
1950;310000;9;;положительный;против;против;
1951;740000;9;зеленая;положительный;за;против;61000
1952;920000;5;жёлтая;отрицательный;;;
1953;400000;10;зелёная;отрицательный;;;
1954;990000;2;зелёная;положительный;;;1135000
1955;100000;6;;положительный;за;против;727000
1956;370000;6;зеленая;положительный;;;
1957;250000;3;желтая;положительный;против;за;
1958;730000;8;красная;положительный;за;против;781000
1959;710000;10;;положительный;;;
1960;560000;7;желтая;положительный;за;против;
1961;160000;10;желтая;положительный;против;против;95000
1962;160000;10;;положительный;против;за;
1963;800000;6;;отрицательный;;;839000
1964;170000;8;желтая;положительный;за;за;
1965;250000;2;жёлтая;отрицательный;;;1348000
1966;680000;1;зелёная;отрицательный;;;
1967;770000;8;зеленая;положительный;за;за;1260000
1968;900000;5;красная;положительный;за;против;
1969;720000;6;;положительный;против;против;498000
1970;740000;6;красная;положительный;за;за;
1971;880000;2;;отрицательный;;;265000
1972;920000;3;зеленая;положительный;;;
1973;350000;8;;положительный;против;против;1192000
1974;570000;5;жёлтая;отрицательный;;;
1975;950000;2;жёлтая;отрицательный;;;295000
1976;860000;5;зелёная;отрицательный;;;
1977;630000;9;жёлтая;отрицательный;;;1075000
1978;250000;9;жёлтая;положительный;против;за;
1979;290000;2;желтая;отрицательный;;;
1980;990000;8;жёлтая;положительный;против;против;
1981;990000;5;зеленая;отрицательный;;;496000
1982;300000;10;зелёная;положительный;;;
1983;250000;10;зеленая;положительный;за;за;1095000
1984;450000;8;жёлтая;положительный;;;
1985;760000;2;жёлтая;положительный;;;
1986;680000;4;зеленая;положительный;за;против;
1987;990000;1;;положительный;за;за;
1988;270000;5;зеленая;положительный;за;против;
1989;120000;8;зелёная;положительный;;;
1990;410000;7;;положительный;за;против;1128000
1991;920000;6;желтая;положительный;против;против;1356000
1992;670000;9;жёлтая;отрицательный;;;328000
1993;70000;5;зелёная;положительный;;;
1994;590000;10;;положительный;за;против;1156000
1995;120000;10;красная;положительный;;;
1996;70000;8;желтая;отрицательный;;;
1997;770000;5;зелёная;положительный;;;1410000
1998;630000;5;;положительный;;;
1999;390000;6;;положительный;за;против;866000
2000;60000;5;;отрицательный;;;
